[{"name":"PullToRefresh","screenShot":"","author":"chenfeihu","title":"PullToRefresh","email":"763551832@qq.com","desc":"Refresh conponent","id":"cd9b8b80_52ae_4241_9c8a_5c9e1f92b096"},{"name":"local","screenShot":"","author":"hnaxu","title":"本地","email":"hanxu@qq.com","desc":"desc","id":"5d7178d0_42ae_4241_9c8a_5c9e1f92b096"},{"name":"test","screenShot":"","author":"abc","title":"ya","email":"adsf.com","desc":"desc","id":"84f38e00_42ae_4241_9c8a_5c9e1f92b096"},{"name":"standard","screenShot":"","author":"sanfan","title":"介绍页","email":"hanxu317@qq.com","desc":"desc","id":"ee4feb8e_32ae_4241_9c8a_5c9e1f92b096"},{"name":"standard_for_slider","screenShot":"","author":"sanfan","title":"slider组件","email":"hanxu@qq.com","desc":"slider, new Slider","id":"8ab2b5c2_42ae_4241_9c8a_5c9e1f92b096"},{"name":"RangeSlider","screenShot":"","author":"hanxu","title":"RangeSlider","email":"hanxu317@qq.com","desc":"RangeSlider widget","id":"cbffbf7c_52ae_4241_9c8a_5c9e1f92b096"}]