[{"name":"PullToRefresh","screenShot":"","author":"chenfeihu","email":"763551832@qq.com","desc":"刷新组件","id":"5553db80_52ae_4241_9c8a_5c9e1f92b096"},{"name":"RangeSlider","screenShot":"","author":"RangeSlider","email":"hanxu317@qq.com","desc":"RangeSlider widget demo","id":"e5f958bc_52ae_4241_9c8a_5c9e1f92b096"},{"name":"demoName","screenShot":"","author":"yourName","email":"yourEmail","desc":"这是一个测试的标准demo","id":"1a29aa8e_32ae_4241_9c8a_5c9e1f92b096"},{"name":"local","screenShot":"","author":"ab","email":"email","desc":"ags","id":"2c1d57d0_42ae_4241_9c8a_5c9e1f92b096"}]